{
"phaser.sound": {"category": "file","sounds": ["phasertype2"]},
"dxd.gear.boost": {"category": "file","sounds": ["[English_Boost_"]},
"": {"category": "file","sounds": ["[English_Boost_"]},
"dxd.gun.freed": {"category": "file","sounds": ["barreta_m9-Dion_Stapper-1010051237"]},
"mod.boost.gear": {"category": "file","sounds": ["[English_Boost_"]},
"im.old.gregg": {"category": "file","sounds": ["Im_old_Gregg_3"]},
"thank.you.sir": {"category": "file","sounds": ["Thank_You_Sir"]},
"you.dont.know.me": {"category": "file","sounds": ["You_dont_know_me"]}
}